<?xml version="1.0" encoding="UTF-8"?>
<!DOCTYPE suite SYSTEM "http://testng.org/testng-1.0.dtd">
<suite name="Research Portal">
  <test name="Portal smoke">
  <parameter name="sUrl" value="http://52.38.187.37/ResearchPortal/LatestResearch"/>
  <parameter name="sUsername" value="analecadmin"/>
  <parameter name="sPassword" value="Password1"/>
  <parameter name="sEmail" value="kamlesh.kumar@analec.com"/>
  <parameter name="sNewPassword" value="Csupport@2"/>
  <parameter name="sPasswordLink" value="https://52.35.26.240/Researchportal/Login/GeneratePassword?UT=EAAAAIIx4bbalZH348WOR6kpmkDcCru4tCBAOofthvZ+BUpkz8PO+DJfXHMyPTxFeDiCLLCk/yMaWDLBlRBqTNYWnNg="/>
  <parameter name="sValue" value="3k4j3e"/>
  <parameter name="sValue1" value="Buy"/>
  <parameter name="sValue2" value="Report Title A-Z"/>  
  
  <classes> 
 <class name="PortalTest.LoginTest"/>
   <!--<class name="PortalTest.ForgotPasswordTest"/>
  <class name="PortalTest.ForgotPasswordLinkTest"/>
  <class name="PortalTest.LatestPageTest"/>
  <class name="PortalTest.LatestPageFilterTest"/>
  <class name="PortalTest.UpcomingEventTest"/>
  <class name="PortalTest.TopPicksTest"/>
  <class name="PortalTest.AboutTest"/>
  <class name="PortalTest.AnalystTest"/>
  <class name="PortalTest.ChangePasswordTest"/>
  <class name="PortalTest.AuthorPageTest"/>-->
  <class name="PortalTest.DisclosureTest"/>
  
  
   </classes>
  </test>
</suite>
